{
  "lambda-basic-execution": {
    "policy_content": {
      "Statement": [
        {
          "Action": [
            "logs:CreateLogGroup",
            "logs:CreateLogStream",
            "logs:PutLogEvents",
            "dynamodb:GetItem",
            "dynamodb:Query",
            "dynamodb:GetItem",
            "dynamodb:Query",
            "dynamodb:PutItem",
            "dynamodb:Batch*",
            "dynamodb:DeleteItem",
            "dynamodb:PutItem",
            "dynamodb:Batch*",
            "dynamodb:DeleteItem",
            "ssm:PutParameter",
            "ssm:GetParameter",
            "kms:Decrypt"
          ],
          "Effect": "Allow",
          "Resource": "*"
        }
      ],
      "Version": "2012-10-17"
    },
    "resource_type": "iam_policy",
    "tags": {}
  },
  "${target_table}": {
    "resource_type": "dynamodb_table",
    "hash_key_name": "id",
    "hash_key_type": "S",
    "read_capacity": 1,
    "write_capacity": 1,
    "global_indexes": [],
    "autoscaling": [],
    "tags": {}
  },
  "task5_api": {
    "resource_type": "api_gateway",
    "deploy_stage": "api",
    "dependencies": [],
    "resources": {
      "/events": {
        "enable_cors": false,
        "POST": {
          "authorization_type": "NONE",
          "enable_proxy": true,
          "integration_type": "lambda",
          "lambda_name": "api_handler",
          "api_key_required": false,
          "method_request_parameters": {},
          "integration_request_body_template": {},
          "responses": [],
          "integration_responses": [],
          "default_error_pattern": true
        }
      }
    },
    "tags": {}
  }
}